species	X1	X2	X3	X4	X5	X6	X7
1	ddis	ddi.miR.1179.5p	-	NC_007088.5	1649211	TTTAATTCTTTAGTCCCACCCAATTAAGTTCATACCTAAAAAAAATTCAAACTAAGGAAATTTTTTAAGTCTGAACTTAATTTGAATGGAGACCCAAAGAATTAAA	IIIIIIIIIIIIIIIIIIIIIIIIIIIIIIIIIIIIIIIIIIIIIIIIIIIIIIIIIIIIIIIIIIIIIIIIIIIIIIIIIIIIIIIIIIIIIIIIIIIIIIIIII	0
2	ddis	ddi.miR.7097.3p	-	NC_007089.4	3739200	TTTCGTTTTCGTCTCTACTTCTGCCAAAATCATTAATCGATTTCACACAAATATAATGATGAATGCAATATTAATGATTTCGGCACTAGTAGAGAAGAAAACGAAA	IIIIIIIIIIIIIIIIIIIIIIIIIIIIIIIIIIIIIIIIIIIIIIIIIIIIIIIIIIIIIIIIIIIIIIIIIIIIIIIIIIIIIIIIIIIIIIIIIIIIIIIIII	0
3	ddis	ddi.miR.1183	-	NC_007090.3	735806	CCATGCTATACAAATGACCGCTAACTGGTGGCAGATGGTCATTTACTCATACTAGGCCATTGCCCGCTAGCAGCCAGAAGACGGCCAGTGGTCTAGTGTGAGTAAACTGAGGTCTGCCAGCAATTAACGACCACTTATATAGTATAA	IIIIIIIIIIIIIIIIIIIIIIIIIIIIIIIIIIIIIIIIIIIIIIIIIIIIIIIIIIIIIIIIIIIIIIIIIIIIIIIIIIIIIIIIIIIIIIIIIIIIIIIIIIIIIIIIIIIIIIIIIIIIIIIIIIIIIIIIIIIIIIIIIII	0
4	ddis	ddi.miR.7096	-	NC_007090.3	1476902	TTAAACTGGGTCTGTGAACAATTAAGATTTGATAAACACCATTAGAAAAAAATTTCAATTTCAATAGTGTTTATCAAATCTTGATTGTTCACAGACTCAGTTTAA	IIIIIIIIIIIIIIIIIIIIIIIIIIIIIIIIIIIIIIIIIIIIIIIIIIIIIIIIIIIIIIIIIIIIIIIIIIIIIIIIIIIIIIIIIIIIIIIIIIIIIIIII	0
5	ddis	ddi.miR.can_D1.3p	+	NC_007090.3	1706363	TATAGAAATCTCTTTCTCTAATTTCATTTATTAAATTGTAAATCACCCATTTTAATAATGTGTGAGTTATATTTAAAAATGAAATTAGAGAAAGGGATTTTCATG	IIIIIIIIIIIIIIIIIIIIIIIIIIIIIIIIIIIIIIIIIIIIIIIIIIIIIIIIIIIIIIIIIIIIIIIIIIIIIIIIIIIIIIIIIIIIIIIIIIIIIIIII	0
6	ddis	ddi.miR.1176	+	NC_007091.3	172130	TATCAGGTGGCCAATTTTTATCAAGGAAAGCTGTATCATCAAGTGCCTCCCTCTGTCTCTTGATGATTCAGCCTTCCTTGACAAAAATTGCCCACCTGATA	IIIIIIIIIIIIIIIIIIIIIIIIIIIIIIIIIIIIIIIIIIIIIIIIIIIIIIIIIIIIIIIIIIIIIIIIIIIIIIIIIIIIIIIIIIIIIIIIIIIII	0
7	ddis	ddi.miR.1177	+	NC_007091.3	593945	ATAAACTAAACCAGTTAGGGTTTAATGGTTCTATCTCAATTGTTTTTTTTTGGATCCCAAATTTAATCTATTTTAATTTAAAAAATGATTATTTGTTATCCAGGAAAAATAACTGGAAAAGAACCGTTGAGCCCTTTCTGATTTATTAATT	IIIIIIIIIIIIIIIIIIIIIIIIIIIIIIIIIIIIIIIIIIIIIIIIIIIIIIIIIIIIIIIIIIIIIIIIIIIIIIIIIIIIIIIIIIIIIIIIIIIIIIIIIIIIIIIIIIIIIIIIIIIIIIIIIIIIIIIIIIIIIIIIIIIIIII	0
8	dfir	dfir_Cluster_1918(+)	+	JH723762.1	365174	TTTATGCAGGTGTACCAAGACAATCTCCAAGTACGTATGGTAACTCAATTGAAAAATAATGATTGAGTACATAAGTACTTGGAGATTGGCTTGGTAAACATGCATAAA	IIIIIIIIIIIIIIIIIIIIIIIIIIIIIIIIIIIIIIIIIIIIIIIIIIIIIIIIIIIIIIIIIIIIIIIIIIIIIIIIIIIIIIIIIIIIIIIIIIIIIIIIIIII	0
9	dfir	dfir_Cluster_4617(-)	-	JH723798.1	37136	TCATTATGCAAACAAGTGTAACGAGGAAATAAAAACTATAACTGAACAACCGCAGTATTAAAAATCAATGATCAACCAACAAGAGCCAATAAACTAACTCTTTTTAATTCTTCTTGTTTGTTTGATGTGAAATGATACTTGCTCAGTTATAGTATTTATTTCCTGATTGCACTTGTTTGCATAATGA	IIIIIIIIIIIIIIIIIIIIIIIIIIIIIIIIIIIIIIIIIIIIIIIIIIIIIIIIIIIIIIIIIIIIIIIIIIIIIIIIIIIIIIIIIIIIIIIIIIIIIIIIIIIIIIIIIIIIIIIIIIIIIIIIIIIIIIIIIIIIIIIIIIIIIIIIIIIIIIIIIIIIIIIIIIIIIIIIIIIIIIIIIII	0
10	dfir	dfir_Cluster_4649(-)	-	JH723798.1	203337	CAACCAAATCAAAATTATCAAATGTCCTCAGCAAGATAATTCACATAATTGTTTATTAAATTCTTTAAAAATATTATTTGGATCTAAAATATAAAATAACCCATTTAAAAAAGAAATGATTATGGTCAATTTATAAATTATTATAGTAATAATTTTGTTAATATTTTAGATCAGAGTTAACCCATTTAAAAAAGAATTTAATAAAGAATTATGTGAATTATCTTGCTGAGGACATTTGATAATTTTGATTTGGTTG	IIIIIIIIIIIIIIIIIIIIIIIIIIIIIIIIIIIIIIIIIIIIIIIIIIIIIIIIIIIIIIIIIIIIIIIIIIIIIIIIIIIIIIIIIIIIIIIIIIIIIIIIIIIIIIIIIIIIIIIIIIIIIIIIIIIIIIIIIIIIIIIIIIIIIIIIIIIIIIIIIIIIIIIIIIIIIIIIIIIIIIIIIIIIIIIIIIIIIIIIIIIIIIIIIIIIIIIIIIIIIIIIIIIIIIIIIIIIIIIIIIIIIIIIIIIIIIII	0
11	dfir	dfir_Cluster_7233(+)	+	JH723896.1	3804	AGGTGATCGTTGATGTCGCCAATGTAATAACAGAGGTTAATTATATTAAATAATATTTCAATAAATATTAACATTAACTTCTAATACAATATACCTCTGTTATTACATTGGGGATATCAACCGTCCCCT	IIIIIIIIIIIIIIIIIIIIIIIIIIIIIIIIIIIIIIIIIIIIIIIIIIIIIIIIIIIIIIIIIIIIIIIIIIIIIIIIIIIIIIIIIIIIIIIIIIIIIIIIIIIIIIIIIIIIIIIIIIIIIIIII	0
12	dfir	dfir_Cluster_8366(+)	+	JH724042.1	4389	AAAAAAAACATAGTGAAGATGGGTAGAAGATAAAAGCTGGTTTTGAAAATTCAGAGAATGGTGGGGTTAGAAAATTACCAGCTTTTATCTTCTACACATCTTCACTATGTTTTTTTT	IIIIIIIIIIIIIIIIIIIIIIIIIIIIIIIIIIIIIIIIIIIIIIIIIIIIIIIIIIIIIIIIIIIIIIIIIIIIIIIIIIIIIIIIIIIIIIIIIIIIIIIIIIIIIIIIIIIII	0
13	dfir_new	dfir_new_Cluster_8609(-)	-	D_firmibasis_chromosome_3	577595	AATTAATAAATCAGAAAGGACTCAACGGCTCTTGTTAAATTCTTTTTTTTGGATAACAAATAATCATTTTTTAAATTATTAGGAAAATCGATTAATAAATTTTGAATCCAAAAAAAAAAAATTTAAACAAGAACCATTAAACCCTAACTGGTTTATTTTTA	IIIIIIIIIIIIIIIIIIIIIIIIIIIIIIIIIIIIIIIIIIIIIIIIIIIIIIIIIIIIIIIIIIIIIIIIIIIIIIIIIIIIIIIIIIIIIIIIIIIIIIIIIIIIIIIIIIIIIIIIIIIIIIIIIIIIIIIIIIIIIIIIIIIIIIIIIIIIIIIII	0
14	dfir_new	dfir_new_Cluster_9304(-)	-	D_firmibasis_chromosome_3	3078862	TTATTAATGCTCGGAGCTCTGATGCGAAATGTGGGTGGACGCAGGCAATCAACATTTCCAGCGTCCACCCACAGTTCGCATCAGAGCTCCGAGCATTAATAA	IIIIIIIIIIIIIIIIIIIIIIIIIIIIIIIIIIIIIIIIIIIIIIIIIIIIIIIIIIIIIIIIIIIIIIIIIIIIIIIIIIIIIIIIIIIIIIIIIIIIII	0
15	dfir_new	dfir_new_Cluster_8308(-)	-	D_firmibasis_chromosome_4	3840638	AGGGGACGGTTGATATCCCCAATGTAATAACAGAGGTATATTGTATTAGAAGTTAATGTTAATATTTATTGAAATATTATTTAATATAATTAACCTCTGTTATTACATTGGCGACATCAACGATCACCT	IIIIIIIIIIIIIIIIIIIIIIIIIIIIIIIIIIIIIIIIIIIIIIIIIIIIIIIIIIIIIIIIIIIIIIIIIIIIIIIIIIIIIIIIIIIIIIIIIIIIIIIIIIIIIIIIIIIIIIIIIIIIIIIII	0
16	dfir_new	dfir_new_Cluster_6041(-)	-	D_firmibasis_chromosome_1	5202377	GGAAGTAAAGCATGGAAGATTAATGACCGCCTACCAAAGACAAATAGGATTTGATTCCTATTTGTCTTTGGTAGGCGGTCATTAATCTTCCATGCTTTACTTCC	IIIIIIIIIIIIIIIIIIIIIIIIIIIIIIIIIIIIIIIIIIIIIIIIIIIIIIIIIIIIIIIIIIIIIIIIIIIIIIIIIIIIIIIIIIIIIIIIIIIIIIII	0
17	dfir_new	dfir_new_Cluster_6448(+)	+	D_firmibasis_chromosome_1	6559034	CAACCAAATCAAAATTATCAAATGTCCTCAGCAAGATAATTCACATAATTCTTTATTAAATTCTTTTTTAAATGGGTTAACTCTGATCTAAAATATTAACAAAATTATTACTATAATAATTTATAAATTGACCATAATCATTTCTTTTTTAAATGGGTTATTTTATATTTTAGATCCAAATAATATTTTTAAAGAATTTAATAAACAATTATGTGAATTATCTTGCTGAGGACATTTGATAATTTTGATTTGGTTG	IIIIIIIIIIIIIIIIIIIIIIIIIIIIIIIIIIIIIIIIIIIIIIIIIIIIIIIIIIIIIIIIIIIIIIIIIIIIIIIIIIIIIIIIIIIIIIIIIIIIIIIIIIIIIIIIIIIIIIIIIIIIIIIIIIIIIIIIIIIIIIIIIIIIIIIIIIIIIIIIIIIIIIIIIIIIIIIIIIIIIIIIIIIIIIIIIIIIIIIIIIIIIIIIIIIIIIIIIIIIIIIIIIIIIIIIIIIIIIIIIIIIIIIIIIIIIIII	0
18	dfir_new	dfir_new_Cluster_6483(+)	+	D_firmibasis_chromosome_1	6719429	TCATTATGCAAACAAGTGCAATCAGGAAATAAATACTATAACTGAGCAAGTATCATTTCACATCAAACAAACAAGAAGAATTAAAAAGAGTTAGTTTATTGGCTCTTGTTGGTTGATCATTGATTTTTAATACTGCGGTTGTTCAGTTATAGTTTTTATTTCCTCGTTACACTTGTTTGCATAATGA	IIIIIIIIIIIIIIIIIIIIIIIIIIIIIIIIIIIIIIIIIIIIIIIIIIIIIIIIIIIIIIIIIIIIIIIIIIIIIIIIIIIIIIIIIIIIIIIIIIIIIIIIIIIIIIIIIIIIIIIIIIIIIIIIIIIIIIIIIIIIIIIIIIIIIIIIIIIIIIIIIIIIIIIIIIIIIIIIIIIIIIIIIII	0
19	dfir_new	dfir_new_Cluster_6589(-)	-	D_firmibasis_chromosome_1	7110679	TTTATGCATGTTTACCAAGCCAATCTCCAAGTACTTATGTACTCAATCATTATTTTTCAATTGAGTTACCATACGTACTTGGAGATTGTCTTGGTACACCTGCATAAA	IIIIIIIIIIIIIIIIIIIIIIIIIIIIIIIIIIIIIIIIIIIIIIIIIIIIIIIIIIIIIIIIIIIIIIIIIIIIIIIIIIIIIIIIIIIIIIIIIIIIIIIIIIII	0
20	dfir_new	dfir_new_Cluster_1786(-)	-	D_firmibasis_chromosome_6	2524363	AAAAAAAACATAGTGAAGATGTGTAGAAGATAAAAGCTGGTAATTTTCTAACCCCACCATTCTCTGAATTTTCAAAACCAGCTTTTATCTTCTACCCATCTTCACTATGTTTTTTTT	IIIIIIIIIIIIIIIIIIIIIIIIIIIIIIIIIIIIIIIIIIIIIIIIIIIIIIIIIIIIIIIIIIIIIIIIIIIIIIIIIIIIIIIIIIIIIIIIIIIIIIIIIIIIIIIIIIIII	0
21	dfir_new	dfir_new_Cluster_3624(+)	+	D_firmibasis_chromosome_2	1686825	TTTTCTATTTTTACTCCCATTATTAAGGATGCAAATTAAATTTGTATGCAAAAACACATATTTTTAAATTAAATTGCACCCATAATAATGAGAGTAAAAAAAGATAA	IIIIIIIIIIIIIIIIIIIIIIIIIIIIIIIIIIIIIIIIIIIIIIIIIIIIIIIIIIIIIIIIIIIIIIIIIIIIIIIIIIIIIIIIIIIIIIIIIIIIIIIIIII	0
22	dlac	dlac_Cluster_2307(-)	-	LODT01000020.1	101325	ATGAGATGGTCTGAGATATATGAGTAATGATAGGTTCAATCATTACTGCTACCCATCTATCATTATTTTGTATTTAATAAGAATTCTAGTAAGCAGGAATGATACCTATCATTACTCACATATATCTCAGACCATCTCAT	IIIIIIIIIIIIIIIIIIIIIIIIIIIIIIIIIIIIIIIIIIIIIIIIIIIIIIIIIIIIIIIIIIIIIIIIIIIIIIIIIIIIIIIIIIIIIIIIIIIIIIIIIIIIIIIIIIIIIIIIIIIIIIIIIIIIIIIIIIII	0
23	dlac	dlac_Cluster_2463(+)	+	LODT01000020.1	565248	AAGAATCAAAGACAATTTGTGACCAACACACAATTGATACAATATATTTCTAAATATACAGGTATCTTTTGAATGTTGGTCTTCATGTTGTTTTTGATTTTT	IIIIIIIIIIIIIIIIIIIIIIIIIIIIIIIIIIIIIIIIIIIIIIIIIIIIIIIIIIIIIIIIIIIIIIIIIIIIIIIIIIIIIIIIIIIIIIIIIIIIII	0
24	ppal	ppal_Cluster_3227(-)	-	NW_008805065.1	51895	ACCTAAGTTGAACAGACATCTTGAAAAAATAAAGTTAAATTAAAGTTAATTTTTTGAACTTTAATTTAACTTTATTTTTTCAAGATGTCTGTTCAAAAAATTA	IIIIIIIIIIIIIIIIIIIIIIIIIIIIIIIIIIIIIIIIIIIIIIIIIIIIIIIIIIIIIIIIIIIIIIIIIIIIIIIIIIIIIIIIIIIIIIIIIIIIIII	0
25	ppal	ppal_Cluster_3786(+)	+	NW_008805068.1	144908	CTAATTAATTTGCTAAAATCAAAAATAGACAAATTCTAACTAAGTATTTTTATTTAAAATAATTAGTATTATCTGTCTCTTTTTGGTTTTAATAAATTATTATT	IIIIIIIIIIIIIIIIIIIIIIIIIIIIIIIIIIIIIIIIIIIIIIIIIIIIIIIIIIIIIIIIIIIIIIIIIIIIIIIIIIIIIIIIIIIIIIIIIIIIIIII	0
26	ppal	ppal_Cluster_4834(-)	-	NW_008805072.1	1157624	ACACAGATTATCTGACACTTTACCATTCTATCCTAGACATGATCTGTATTCTTGGTATCTCAAAGCTTGTTGAACTGGCTTCGGATAGAATGAGAAAGTGTAAGATAATCCGAGT	IIIIIIIIIIIIIIIIIIIIIIIIIIIIIIIIIIIIIIIIIIIIIIIIIIIIIIIIIIIIIIIIIIIIIIIIIIIIIIIIIIIIIIIIIIIIIIIIIIIIIIIIIIIIIIIIIII	0
27	ppal	ppal_Cluster_6741(-)	-	NW_008805100.1	69066	TACTCGGATGAAGCACAACAGATTCTATTTCACTTGACACCAGACGACTAAGAGACAGCTTAGCGACTATTCTGTAGATAGCCATCAGACCTGTCAATTCTCTTGTAGAAGAGGGGTGGTCTTTGGTCTAAAGATACCCTTTCAAAACAAAGAGACATGTCAGCTTGGTACCAATTGAAATTAAATCTGTTAAGCATCATCCGATGG	IIIIIIIIIIIIIIIIIIIIIIIIIIIIIIIIIIIIIIIIIIIIIIIIIIIIIIIIIIIIIIIIIIIIIIIIIIIIIIIIIIIIIIIIIIIIIIIIIIIIIIIIIIIIIIIIIIIIIIIIIIIIIIIIIIIIIIIIIIIIIIIIIIIIIIIIIIIIIIIIIIIIIIIIIIIIIIIIIIIIIIIIIIIIIIIIIIIIIIIIIIIIIII	0
28	asub	asub_Cluster_2821(-)	-	NW_012236446.1	75	GACAACCATACTTATTTAATACCCAATAAACATCATTAACCAACTTGACTTGCTTCTGTCTGGTGATAGATACTGATTACTGTTGTTTATTGGGTATTAGATAAGTACAGACGAT	IIIIIIIIIIIIIIIIIIIIIIIIIIIIIIIIIIIIIIIIIIIIIIIIIIIIIIIIIIIIIIIIIIIIIIIIIIIIIIIIIIIIIIIIIIIIIIIIIIIIIIIIIIIIIIIIIII	0
29	asub	asub_Cluster_3219(+)	+	NW_012236508.1	360262	TATTATGTCTTGATGAACATTTGAGTGGCGTTGAATGGAAGTGTCTCAATTATGTTGACATTCATTCAATCGTTCATTGACAAGAGAGAGATACTACATTGCAGCTCCACACTTATGTTCATCAAGACATCGAC	IIIIIIIIIIIIIIIIIIIIIIIIIIIIIIIIIIIIIIIIIIIIIIIIIIIIIIIIIIIIIIIIIIIIIIIIIIIIIIIIIIIIIIIIIIIIIIIIIIIIIIIIIIIIIIIIIIIIIIIIIIIIIIIIIIIIII	0
30	asub	asub_Cluster_3317(-)	-	NW_012236512.1	176299	GTAGAAAGCGAATCGATCGAGATGATGCATACAGGTGGATTGAATACCAGAGCGTCGGTATTACAAACTGCGGTGATTATAACATTGCAGTTTGAACACTGACACTTGGTCATTCCATTGGTAAGCATCATCTCACTCGATTCGATAACATA	IIIIIIIIIIIIIIIIIIIIIIIIIIIIIIIIIIIIIIIIIIIIIIIIIIIIIIIIIIIIIIIIIIIIIIIIIIIIIIIIIIIIIIIIIIIIIIIIIIIIIIIIIIIIIIIIIIIIIIIIIIIIIIIIIIIIIIIIIIIIIIIIIIIIIIII	0
31	asub	asub_Cluster_3339(-)	-	NW_012236512.1	427607	GGTAAACACATACGCAAGCTGTCCAAACAATCGATACTACCGAGCCATGCGTCACAAGTATCACCATTGATTCATCATTGCTGAGTGAGTAGTCCGTGACACTTATAATCGTAGGAGTTGTACTCGGTAACTCCGATTGTTTGAACAGATAGCGCAAGTGTGTGTT	IIIIIIIIIIIIIIIIIIIIIIIIIIIIIIIIIIIIIIIIIIIIIIIIIIIIIIIIIIIIIIIIIIIIIIIIIIIIIIIIIIIIIIIIIIIIIIIIIIIIIIIIIIIIIIIIIIIIIIIIIIIIIIIIIIIIIIIIIIIIIIIIIIIIIIIIIIIIIIIIIIIIII	0
32	asub	asub_Cluster_3403(+)	+	NW_012236514.1	586898	GCGACTAGTGTGCTGTGAGATTGGTCACCGAGCTGATAGTAAGAAGGAGGTTGACGCACTGTAGAGTGCCAGTCTCCAACATAACCAACATTTAATCTCAGTTGTTTATACTACCATCTCGTTGACTTATCTCAGCACCCTTACGCG	IIIIIIIIIIIIIIIIIIIIIIIIIIIIIIIIIIIIIIIIIIIIIIIIIIIIIIIIIIIIIIIIIIIIIIIIIIIIIIIIIIIIIIIIIIIIIIIIIIIIIIIIIIIIIIIIIIIIIIIIIIIIIIIIIIIIIIIIIIIIIIIIIII	0
33	asub	asub_Cluster_3408(-)	+	NW_012236528.1	129734	ATTGGATGTTTCAAGTGAGGTAATGGATAATAGATATTGATTGAAATAGCTTTGCTTTACGGGCACTGTTTATTATCTATTGTAGCACTTGTGACACCAGTT	IIIIIIIIIIIIIIIIIIIIIIIIIIIIIIIIIIIIIIIIIIIIIIIIIIIIIIIIIIIIIIIIIIIIIIIIIIIIIIIIIIIIIIIIIIIIIIIIIIIIII	4
34	asub	asub_Cluster_3408(-)	+	NW_012236497.1	34089	ATTGGATGTTTCAAGTGAGGTAATGGATAATAGATATTGATTGAAATAGCTTTGCTTTACGGGCACTGTTTATTATCTATTGTAGCACTTGTGACACCAGTT	IIIIIIIIIIIIIIIIIIIIIIIIIIIIIIIIIIIIIIIIIIIIIIIIIIIIIIIIIIIIIIIIIIIIIIIIIIIIIIIIIIIIIIIIIIIIIIIIIIIIII	4
35	asub	asub_Cluster_3408(-)	+	NW_012236530.1	25145	ATTGGATGTTTCAAGTGAGGTAATGGATAATAGATATTGATTGAAATAGCTTTGCTTTACGGGCACTGTTTATTATCTATTGTAGCACTTGTGACACCAGTT	IIIIIIIIIIIIIIIIIIIIIIIIIIIIIIIIIIIIIIIIIIIIIIIIIIIIIIIIIIIIIIIIIIIIIIIIIIIIIIIIIIIIIIIIIIIIIIIIIIIIII	4
36	asub	asub_Cluster_3408(-)	+	NW_012236523.1	1238	ATTGGATGTTTCAAGTGAGGTAATGGATAATAGATATTGATTGAAATAGCTTTGCTTTACGGGCACTGTTTATTATCTATTGTAGCACTTGTGACACCAGTT	IIIIIIIIIIIIIIIIIIIIIIIIIIIIIIIIIIIIIIIIIIIIIIIIIIIIIIIIIIIIIIIIIIIIIIIIIIIIIIIIIIIIIIIIIIIIIIIIIIIIII	4
37	asub	asub_Cluster_3408(-)	+	NW_012236496.1	211485	ATTGGATGTTTCAAGTGAGGTAATGGATAATAGATATTGATTGAAATAGCTTTGCTTTACGGGCACTGTTTATTATCTATTGTAGCACTTGTGACACCAGTT	IIIIIIIIIIIIIIIIIIIIIIIIIIIIIIIIIIIIIIIIIIIIIIIIIIIIIIIIIIIIIIIIIIIIIIIIIIIIIIIIIIIIIIIIIIIIIIIIIIIIII	4
38	asub	asub_Cluster_3408(-)	-	NW_012236523.1	1049680	AACTGGTGTCACAAGTGCTACAATAGATAATAAACAGTGCCCGTAAAGCAAAGCTATTTCAATCAATATCTATTATCCATTACCTCACTTGAAACATCCAAT	IIIIIIIIIIIIIIIIIIIIIIIIIIIIIIIIIIIIIIIIIIIIIIIIIIIIIIIIIIIIIIIIIIIIIIIIIIIIIIIIIIIIIIIIIIIIIIIIIIIIII	2
39	asub	asub_Cluster_3408(-)	-	NW_012236515.1	46735	AACTGGTGTCACAAGTGCTACAATAGATAATAAACAGTGCCCGTAAAGCAAAGCTATTTCAATCAATATCTATTATCCATTACCTCACTTGAAACATCCAAT	IIIIIIIIIIIIIIIIIIIIIIIIIIIIIIIIIIIIIIIIIIIIIIIIIIIIIIIIIIIIIIIIIIIIIIIIIIIIIIIIIIIIIIIIIIIIIIIIIIIIII	2
40	asub	asub_Cluster_3408(-)	-	NW_012236484.1	549	AACTGGTGTCACAAGTGCTACAATAGATAATAAACAGTGCCCGTAAAGCAAAGCTATTTCAATCAATATCTATTATCCATTACCTCACTTGAAACATCCAAT	IIIIIIIIIIIIIIIIIIIIIIIIIIIIIIIIIIIIIIIIIIIIIIIIIIIIIIIIIIIIIIIIIIIIIIIIIIIIIIIIIIIIIIIIIIIIIIIIIIIIII	2
41	asub	asub_Cluster_3454(-)	-	NW_012236516.1	452504	ATACGACATATTAACGATTTTCACCAAAATCAGGGGAATCGTCAATCGGAGTGTTCGGTCGGACCGAACATCTTGAGTAACCAGTGACCATTCCCTGATTTTGGTGAAAATCGTTCAAATGAACAAT	IIIIIIIIIIIIIIIIIIIIIIIIIIIIIIIIIIIIIIIIIIIIIIIIIIIIIIIIIIIIIIIIIIIIIIIIIIIIIIIIIIIIIIIIIIIIIIIIIIIIIIIIIIIIIIIIIIIIIIIIIIIIIII	0
42	asub	asub_Cluster_3463(-)	-	NW_012236516.1	536174	AATAATGTGAGAAGCAGCACCATCCTAAGTGTCCAAGTACAGAGTGTAATGGGCAAGTAGTCCACTTGCCAGATGGGCACTCTGTACAGAGACAGAGAATGGTACGGCTCAACGCATCATC	IIIIIIIIIIIIIIIIIIIIIIIIIIIIIIIIIIIIIIIIIIIIIIIIIIIIIIIIIIIIIIIIIIIIIIIIIIIIIIIIIIIIIIIIIIIIIIIIIIIIIIIIIIIIIIIIIIIIIIIII	0
43	asub	asub_Cluster_3545(-)	-	NW_012236518.1	732967	CAAGTAAGAACCCGTTAACAATGTCATATTGATAGAATGAACAATGAAGTTAAAGTCGTCCTATTCATTATATCAATATGACATATGTATCGGGTTCTTAATGA	IIIIIIIIIIIIIIIIIIIIIIIIIIIIIIIIIIIIIIIIIIIIIIIIIIIIIIIIIIIIIIIIIIIIIIIIIIIIIIIIIIIIIIIIIIIIIIIIIIIIIIII	0
44	asub	asub_Cluster_3588(+)	+	NW_012236519.1	489112	GTATATATCATTCAGTATTCCATCTGTGATGTATATTGGTGCAGTCACATTTCTGATCGACTGGCCATACTTCTCCAATTACATCACCGATGGCCTACTGCATGAGATGTTC	IIIIIIIIIIIIIIIIIIIIIIIIIIIIIIIIIIIIIIIIIIIIIIIIIIIIIIIIIIIIIIIIIIIIIIIIIIIIIIIIIIIIIIIIIIIIIIIIIIIIIIIIIIIIIIII	0
45	asub	asub_Cluster_3681(-)	-	NW_012236521.1	506587	AGATTGGACATCAGTCTAACATGGTAGCATTATTACAAACGAATGCCCTTCGTTACTCGCAATAGTTTGGTATAATGCTACCATGTTAGACTGTTGTCCTGACT	IIIIIIIIIIIIIIIIIIIIIIIIIIIIIIIIIIIIIIIIIIIIIIIIIIIIIIIIIIIIIIIIIIIIIIIIIIIIIIIIIIIIIIIIIIIIIIIIIIIIIIII	0
46	asub	asub_Cluster_3993(+)	+	NW_012236526.1	1087390	CATTTGTTTTACAAATGTTGAACAGATAATAAATATATGAAGTAAAGATACAAATATATTGCTCGTTTATTTATTATCTATTGAAACATTTGTGATACCAGTT	IIIIIIIIIIIIIIIIIIIIIIIIIIIIIIIIIIIIIIIIIIIIIIIIIIIIIIIIIIIIIIIIIIIIIIIIIIIIIIIIIIIIIIIIIIIIIIIIIIIIIII	0
47	asub	asub_Cluster_4040(-)	-	NW_012236527.1	681241	TGAGCTTGGGAATGGCACTACTGTAAAGAGGATATGAAACATGAGTCTGATGTGATCATTGGCGGGCGAGGGTTAGTATCGCGCGCTCACTCAATCAATCAATCAATGTCGTCAATGTAATAACTTGGAGAGAATGAATGACCAACTCATGTTTCATATCCTCTTTACAGTTGTGCCATTCCCAAGCTCA	IIIIIIIIIIIIIIIIIIIIIIIIIIIIIIIIIIIIIIIIIIIIIIIIIIIIIIIIIIIIIIIIIIIIIIIIIIIIIIIIIIIIIIIIIIIIIIIIIIIIIIIIIIIIIIIIIIIIIIIIIIIIIIIIIIIIIIIIIIIIIIIIIIIIIIIIIIIIIIIIIIIIIIIIIIIIIIIIIIIIIIIIIIIIII	0
48	asub	asub_Cluster_4414(-)	-	NW_012236531.1	1717022	CTCATCAAGCCAATGACATAGCTACACCTCGTCAAGCCAATGACACACAGGTAGCTGTGCCATTGGCCAGGTGGGGTGTAGCTAGGTGATTGGCTGGGTAGA	IIIIIIIIIIIIIIIIIIIIIIIIIIIIIIIIIIIIIIIIIIIIIIIIIIIIIIIIIIIIIIIIIIIIIIIIIIIIIIIIIIIIIIIIIIIIIIIIIIIIII	0
49	asub	asub_Cluster_4427(+)	+	NW_012236532.1	237070	TAATTAATGAACGTATCACCTATGTCTGATACTCATTCTAAATTAATCTTATATTGATCATTAGATTAATATTGAGTATCAGACATAGTTGACACGTTCACTCATTC	IIIIIIIIIIIIIIIIIIIIIIIIIIIIIIIIIIIIIIIIIIIIIIIIIIIIIIIIIIIIIIIIIIIIIIIIIIIIIIIIIIIIIIIIIIIIIIIIIIIIIIIIIII	0
50	dfas	dfas_Cluster_1172(+)	+	NW_004457690.1	214790	TGGACTGTTCTTTTCACCATTTATCTCTTCCAATAAGATCATTTTCTCTCTTTCTCTGGCTTCAACCAAATTATAAGGTAGATATCTTATTGGAAGAGATGAATGCTGAAAAGAATTTTCAA	IIIIIIIIIIIIIIIIIIIIIIIIIIIIIIIIIIIIIIIIIIIIIIIIIIIIIIIIIIIIIIIIIIIIIIIIIIIIIIIIIIIIIIIIIIIIIIIIIIIIIIIIIIIIIIIIIIIIIIIIII	0
51	dfas	dfas_Cluster_893(+)	+	NW_004457713.1	100857	TGCAATGTTATAATGATCAACGAGTTCAATACCTCAAATTGAATTCGATTGTTGGTCTATGTTCAATTCTCTTTTGCCAAGCATTTTGATGATGGTTGTTCACCTTTGACGTGTGGCGCAGAGGTGAGGTATTAAACTCGTTTATCATTATAACATTGTA	IIIIIIIIIIIIIIIIIIIIIIIIIIIIIIIIIIIIIIIIIIIIIIIIIIIIIIIIIIIIIIIIIIIIIIIIIIIIIIIIIIIIIIIIIIIIIIIIIIIIIIIIIIIIIIIIIIIIIIIIIIIIIIIIIIIIIIIIIIIIIIIIIIIIIIIIIIIIIIII	0
52	dfas	dfas_Cluster_611(-)	-	NW_004457729.1	1425001	TAAAACAAGATCATTACCATCATCACTTAAGTCATTATAAAATGAATGAGATGAAGCGATTATTTAAAAGAGCCAGTTGATTGATTGGTTGGGTTTCTTCTTGACAATGGCATGGTTTGTGATTCATTAAATAATGATTTCGGTGACAATGGGAATGATCTAGAGTAT	IIIIIIIIIIIIIIIIIIIIIIIIIIIIIIIIIIIIIIIIIIIIIIIIIIIIIIIIIIIIIIIIIIIIIIIIIIIIIIIIIIIIIIIIIIIIIIIIIIIIIIIIIIIIIIIIIIIIIIIIIIIIIIIIIIIIIIIIIIIIIIIIIIIIIIIIIIIIIIIIIIIIIIII	0
53	dfas	dfas_Cluster_616(-)	-	NW_004457729.1	1445709	TAAAACAAGATCATTACCATCATCACTTAAATCATGATCGTTATCCACACTGCCGAGGTGTAAACATATATATATATGTATATATACTGTGTCGACACACTGATGAGAGACATAAATAAATAAATAATGATGATTTGGGTGACAATGGGAATGATCTAGAGTAT	IIIIIIIIIIIIIIIIIIIIIIIIIIIIIIIIIIIIIIIIIIIIIIIIIIIIIIIIIIIIIIIIIIIIIIIIIIIIIIIIIIIIIIIIIIIIIIIIIIIIIIIIIIIIIIIIIIIIIIIIIIIIIIIIIIIIIIIIIIIIIIIIIIIIIIIIIIIIIIIIIIII	0
54	ppol	ppol_Cluster_966(-)	-	KL558924.1	33156	CTCCTTTTGGAGGATTTCAAAGTTTATGACGAGTATCACTTCCTAGTGTACCATATTGTGCGCAGAAGTAATTAGGTTTGTTTGTAAGTTTGAAAATTAGGTAGTGATACTCGTCATACACTTTGAAATCCTCCAAAAGAAG	IIIIIIIIIIIIIIIIIIIIIIIIIIIIIIIIIIIIIIIIIIIIIIIIIIIIIIIIIIIIIIIIIIIIIIIIIIIIIIIIIIIIIIIIIIIIIIIIIIIIIIIIIIIIIIIIIIIIIIIIIIIIIIIIIIIIIIIIIIIIII	0
55	ppol	ppol_Cluster_1130(+)	+	KL558932.1	231141	AGTTGTTCCCTCAGGTTGAGTTGTCCACAGCTGTTGCACTCCTGAATCTGCACTTGACTACTTGTAGAAAAATACTTTGCTGATGGATAGATAGTGCCAAGGTTGGCCATAAGCACTACAAAGCCCTAGCAAAGTATCTTTCCTACAGCCCAAGTCAGCAAGTGTGGAATAAGAAAGTGCAACAGCTGTGGCCAAGTGAATCTAAGGGAACAATT	IIIIIIIIIIIIIIIIIIIIIIIIIIIIIIIIIIIIIIIIIIIIIIIIIIIIIIIIIIIIIIIIIIIIIIIIIIIIIIIIIIIIIIIIIIIIIIIIIIIIIIIIIIIIIIIIIIIIIIIIIIIIIIIIIIIIIIIIIIIIIIIIIIIIIIIIIIIIIIIIIIIIIIIIIIIIIIIIIIIIIIIIIIIIIIIIIIIIIIIIIIIIIIIIIIIIIII	0
56	ppol	ppol_Cluster_2238(+)	+	KL559005.1	39249	TAATATTTTGTGAAAAATGCTGGCTGTCAGTGAGAATCTATTTCCTCACTAATTGCTTCCACTTTTCACCAAATGTGA	IIIIIIIIIIIIIIIIIIIIIIIIIIIIIIIIIIIIIIIIIIIIIIIIIIIIIIIIIIIIIIIIIIIIIIIIIIIIII	0
57	ppol	ppol_Cluster_5086(-)	-	KL559224.1	68683	GCTGGGTTGGTTTAGAACACAAACTCAGACTTGTGGACTCGGACCCCTTAGTGCAAACTTTGACCTGAAAGCCCGCGTCTGTGAGTCCGAGTTCATGTTCTAAACTAAACCTGA	IIIIIIIIIIIIIIIIIIIIIIIIIIIIIIIIIIIIIIIIIIIIIIIIIIIIIIIIIIIIIIIIIIIIIIIIIIIIIIIIIIIIIIIIIIIIIIIIIIIIIIIIIIIIIIIIII	0
58	ppol	ppol_Cluster_10669(+)	+	KL560176.1	27472	TTCATAAGGATGGATGGTATCGAGCACAATTATGCCAGTGAACCTCTGTGTGTATGAGCTGTCTCTTTAAAAATCCATAATATTTTGGGAGCAATACATACACCCAGAGTGTTCACTGGTATAATTGTACTTGACACCAACCATCCTACTGAA	IIIIIIIIIIIIIIIIIIIIIIIIIIIIIIIIIIIIIIIIIIIIIIIIIIIIIIIIIIIIIIIIIIIIIIIIIIIIIIIIIIIIIIIIIIIIIIIIIIIIIIIIIIIIIIIIIIIIIIIIIIIIIIIIIIIIIIIIIIIIIIIIIIIIIIIII	0
59	ppol	ppol_Cluster_12376(+)	+	KL561177.1	1943	CCCCCTCTCAAAGAGTACCTTACTTCAGACCCGATTGCGCGGGTTACTGAGGTATGTCTCGTGCGGTACATGCGAGCGCGTGCGCGTGCGTTTGCGGTGTCGTGTTATGATGAACTTCATGTATCGTATGTCGCGTACTCGTGACACAACGCAATGCGTGCAGTGCGTTTCAACAATATACCTCACTTCAGCTGACAGTGCGTCTCTTGCGTGTGTGCTCGTGTGCTTGCGCGCGCGTATGTACCCAGTGGCACACGCTATCGGTCTGAAGTAAGGTACCCTTTGAAAGAGGG	IIIIIIIIIIIIIIIIIIIIIIIIIIIIIIIIIIIIIIIIIIIIIIIIIIIIIIIIIIIIIIIIIIIIIIIIIIIIIIIIIIIIIIIIIIIIIIIIIIIIIIIIIIIIIIIIIIIIIIIIIIIIIIIIIIIIIIIIIIIIIIIIIIIIIIIIIIIIIIIIIIIIIIIIIIIIIIIIIIIIIIIIIIIIIIIIIIIIIIIIIIIIIIIIIIIIIIIIIIIIIIIIIIIIIIIIIIIIIIIIIIIIIIIIIIIIIIIIIIIIIIIIIIIIIIIIIIIIIIIIIIIIIIIIIIIII	0
60	ppol	ppol_Cluster_13741(-)	-	KL563403.1	1257	ACAATCTGGGTGAGTGTCCATGATGTGCACAGAAGCACAAACACAAAGAATATTGCGCGGGAACTGCTTCAATTTTCAAAACCACGTTGGCGCCCTTTTTTTGTTTTTGTTGTTTGGTCTGTGCACCTCACAAATACTCACTCACTGTCT	IIIIIIIIIIIIIIIIIIIIIIIIIIIIIIIIIIIIIIIIIIIIIIIIIIIIIIIIIIIIIIIIIIIIIIIIIIIIIIIIIIIIIIIIIIIIIIIIIIIIIIIIIIIIIIIIIIIIIIIIIIIIIIIIIIIIIIIIIIIIIIIIIIIIII	0
61	acas	acas_Cluster_5138(+)	+	JAJGAP010000002.1	1842519	CCATTTCATGTTTAGTGCCTATGTCCCCTTCTGTCATACCTATTGGGGAGAGAAGGGGTCATAGACACTAAACATGACTCTG	IIIIIIIIIIIIIIIIIIIIIIIIIIIIIIIIIIIIIIIIIIIIIIIIIIIIIIIIIIIIIIIIIIIIIIIIIIIIIIIIII	0
62	alen	alen_Cluster_556(+)	+	NAVB01000078.1	67962	ATTCTTCATGTTTAGTGCCTATGTCCTCTTCACTCATGATCGCCATCACGAGCGGCACAGTGAAGAGGTCATAGACACTAAACATGACTTTT	IIIIIIIIIIIIIIIIIIIIIIIIIIIIIIIIIIIIIIIIIIIIIIIIIIIIIIIIIIIIIIIIIIIIIIIIIIIIIIIIIIIIIIIIIIII	0
63	alen	alen_Cluster_1355(+)	+	NAVB01000357.1	7567	ACGAGGAGAGAGCGGGCTGGAGATGAAGCGGACGACAGAAGAGAAGACGACGACGCCAGCGTGGCGATGATGAGGACGACGACATCGCCGCTGCTGCCGCCACAGTCCGAGTCCGCTTGGTCTTCAGCTCGCTCTCACCGCAA	IIIIIIIIIIIIIIIIIIIIIIIIIIIIIIIIIIIIIIIIIIIIIIIIIIIIIIIIIIIIIIIIIIIIIIIIIIIIIIIIIIIIIIIIIIIIIIIIIIIIIIIIIIIIIIIIIIIIIIIIIIIIIIIIIIIIIIIIIIIIIII	0
64	alen	alen_Cluster_2130(+)	+	NAVB01000824.1	23908	ATTGTTCATGTTTAGTGCCTATGTCCTCTTCACTCATGATCGCCATCACGAGCGGCACAGTGAAGAGGTCATAGACACTAAACATGACTTTT	IIIIIIIIIIIIIIIIIIIIIIIIIIIIIIIIIIIIIIIIIIIIIIIIIIIIIIIIIIIIIIIIIIIIIIIIIIIIIIIIIIIIIIIIIIII	0
65	alen	alen_Cluster_2233(-)	-	NAVB01000891.1	9326	CCCAGTTTCCGACGAGCTCAAGAGACGGAGCACAAGCCCTTATGCGCTTTGTGCTTCGTCTCCCGAGAGCGTGGGAAAGGGTG	IIIIIIIIIIIIIIIIIIIIIIIIIIIIIIIIIIIIIIIIIIIIIIIIIIIIIIIIIIIIIIIIIIIIIIIIIIIIIIIIIII	0
66	alen	alen_Cluster_4026(-)	-	NAVB01003488.1	1460	CCCAGTTTCCGACGAGCTCAAGAGACGGAGCACAAGCCCTTATATAAGGGCTTTGTGCTTCGTCTCCCGAGAGCGTGGGAAAGGGTG	IIIIIIIIIIIIIIIIIIIIIIIIIIIIIIIIIIIIIIIIIIIIIIIIIIIIIIIIIIIIIIIIIIIIIIIIIIIIIIIIIIIIIII	0
